{
  "counters": {
    "request:/version": 2491,
    "request:/ui": 9,
    "request:/status": 2490,
    "request:/metrics": 2489,
    "request:/scheduler/jobs": 2489,
    "request:/update/status": 2496,
    "request:/approvals/list": 2489,
    "request:/health": 2483,
    "request:/deploy/status": 2483,
    "request:/update/check": 9,
    "request:/intent": 4,
    "request:/voice/speak": 1,
    "request:/face/check": 5,
    "request:/canary/status": 1,
    "request:/cluster/status": 2,
    "request:/cluster/node/register": 1,
    "request:/cluster/heartbeat": 1,
    "request:/cluster/nodes": 1,
    "request:/gateway/status": 1,
    "request:/gateway/check": 1,
    "request:/gateway/bootstrap": 1,
    "request:/modules": 1,
    "request:/llm": 1,
    "request:/humanoid/status": 1,
    "request:/humanoid/update-check": 1,
    "request:/humanoid/plan": 1,
    "request:/policy/test": 1,
    "request:/audit/tail": 1,
    "request:/scheduler/job/create": 1,
    "request:/watchdog/status": 1,
    "request:/agent/goal": 1,
    "request:/scaffold/app": 1,
    "request:/scripts/generate": 1,
    "request:/deps/check": 1,
    "request:/web/status": 1,
    "request:/voice/status": 1,
    "request:/memory/thread/create": 1,
    "request:/memory/write": 1,
    "request:/memory/recall": 1,
    "request:/memory/export": 1,
    "request:/memory/thread/list": 1,
    "request:/memory/snapshot": 1,
    "request:/vision/status": 1,
    "request:/vision/analyze": 1,
    "request:/agent/improve": 1,
    "request:/agent/improve/status": 1,
    "request:/owner/session/start": 1,
    "request:/approvals/chain/verify": 1,
    "request:/owner/emergency": 1,
    "request:/support/bundle": 1
  },
  "latencies": {
    "request:/version": {
      "count": 1000,
      "avg_ms": 8.634101399817155,
      "p95_ms": 10.385699992184527
    },
    "request:/ui": {
      "count": 9,
      "avg_ms": 5.340577778244754,
      "p95_ms": 38.57799999968847
    },
    "request:/status": {
      "count": 1000,
      "avg_ms": 4.406871499842964,
      "p95_ms": 5.94420000561513
    },
    "request:/metrics": {
      "count": 1000,
      "avg_ms": 4.349534399720142,
      "p95_ms": 5.589899999904446
    },
    "request:/scheduler/jobs": {
      "count": 1000,
      "avg_ms": 3.7974978996935533,
      "p95_ms": 4.891599994152784
    },
    "request:/approvals/list": {
      "count": 1000,
      "avg_ms": 1.6241085999208735,
      "p95_ms": 2.187999998568557
    },
    "request:/update/status": {
      "count": 1000,
      "avg_ms": 414.69073119999666,
      "p95_ms": 488.5902000096394
    },
    "request:/health": {
      "count": 1000,
      "avg_ms": 1.6324305002344772,
      "p95_ms": 2.954800002044067
    },
    "request:/deploy/status": {
      "count": 1000,
      "avg_ms": 1.105302600277355,
      "p95_ms": 1.5192999999271706
    },
    "request:/update/check": {
      "count": 9,
      "avg_ms": 521.9757000029656,
      "p95_ms": 631.7402999993647
    },
    "request:/intent": {
      "count": 4,
      "avg_ms": 0.8859999961714493,
      "p95_ms": 1.1453999977675267
    },
    "request:/voice/speak": {
      "count": 1,
      "avg_ms": 23332.357799998135,
      "p95_ms": 23332.357799998135
    },
    "request:/face/check": {
      "count": 5,
      "avg_ms": 0.4897999984677881,
      "p95_ms": 0.5986999967717566
    },
    "request:/canary/status": {
      "count": 1,
      "avg_ms": 0.35370000114198774,
      "p95_ms": 0.35370000114198774
    },
    "request:/cluster/status": {
      "count": 2,
      "avg_ms": 0.3664499963633716,
      "p95_ms": 0.41259999852627516
    },
    "request:/cluster/node/register": {
      "count": 1,
      "avg_ms": 0.40660001104697585,
      "p95_ms": 0.40660001104697585
    },
    "request:/cluster/heartbeat": {
      "count": 1,
      "avg_ms": 0.4524999967543408,
      "p95_ms": 0.4524999967543408
    },
    "request:/cluster/nodes": {
      "count": 1,
      "avg_ms": 0.5718000029446557,
      "p95_ms": 0.5718000029446557
    },
    "request:/gateway/status": {
      "count": 1,
      "avg_ms": 1.0897000029217452,
      "p95_ms": 1.0897000029217452
    },
    "request:/gateway/check": {
      "count": 1,
      "avg_ms": 0.5054000066593289,
      "p95_ms": 0.5054000066593289
    },
    "request:/gateway/bootstrap": {
      "count": 1,
      "avg_ms": 0.5256000004010275,
      "p95_ms": 0.5256000004010275
    },
    "request:/modules": {
      "count": 1,
      "avg_ms": 0.6124999927124009,
      "p95_ms": 0.6124999927124009
    },
    "request:/llm": {
      "count": 1,
      "avg_ms": 5434.48840000201,
      "p95_ms": 5434.48840000201
    },
    "request:/humanoid/status": {
      "count": 1,
      "avg_ms": 1.1239000014029443,
      "p95_ms": 1.1239000014029443
    },
    "request:/humanoid/update-check": {
      "count": 1,
      "avg_ms": 10602.333199989516,
      "p95_ms": 10602.333199989516
    },
    "request:/humanoid/plan": {
      "count": 1,
      "avg_ms": 1579.4942999928026,
      "p95_ms": 1579.4942999928026
    },
    "request:/policy/test": {
      "count": 1,
      "avg_ms": 0.9233000018866733,
      "p95_ms": 0.9233000018866733
    },
    "request:/audit/tail": {
      "count": 1,
      "avg_ms": 0.792199993156828,
      "p95_ms": 0.792199993156828
    },
    "request:/scheduler/job/create": {
      "count": 1,
      "avg_ms": 0.940499987336807,
      "p95_ms": 0.940499987336807
    },
    "request:/watchdog/status": {
      "count": 1,
      "avg_ms": 0.7691999926464632,
      "p95_ms": 0.7691999926464632
    },
    "request:/agent/goal": {
      "count": 1,
      "avg_ms": 2467.076000000816,
      "p95_ms": 2467.076000000816
    },
    "request:/scaffold/app": {
      "count": 1,
      "avg_ms": 32.79090000432916,
      "p95_ms": 32.79090000432916
    },
    "request:/scripts/generate": {
      "count": 1,
      "avg_ms": 21.581299995887093,
      "p95_ms": 21.581299995887093
    },
    "request:/deps/check": {
      "count": 1,
      "avg_ms": 524.5573000138393,
      "p95_ms": 524.5573000138393
    },
    "request:/web/status": {
      "count": 1,
      "avg_ms": 0.6316999933915213,
      "p95_ms": 0.6316999933915213
    },
    "request:/voice/status": {
      "count": 1,
      "avg_ms": 0.9276000055251643,
      "p95_ms": 0.9276000055251643
    },
    "request:/memory/thread/create": {
      "count": 1,
      "avg_ms": 4.160399999818765,
      "p95_ms": 4.160399999818765
    },
    "request:/memory/write": {
      "count": 1,
      "avg_ms": 12.258100003236905,
      "p95_ms": 12.258100003236905
    },
    "request:/memory/recall": {
      "count": 1,
      "avg_ms": 1.095200001145713,
      "p95_ms": 1.095200001145713
    },
    "request:/memory/export": {
      "count": 1,
      "avg_ms": 0.8744000078877434,
      "p95_ms": 0.8744000078877434
    },
    "request:/memory/thread/list": {
      "count": 1,
      "avg_ms": 0.6659000064246356,
      "p95_ms": 0.6659000064246356
    },
    "request:/memory/snapshot": {
      "count": 1,
      "avg_ms": 0.6350000039674342,
      "p95_ms": 0.6350000039674342
    },
    "request:/vision/status": {
      "count": 1,
      "avg_ms": 295.86539999581873,
      "p95_ms": 295.86539999581873
    },
    "request:/vision/analyze": {
      "count": 1,
      "avg_ms": 1.3417000009212643,
      "p95_ms": 1.3417000009212643
    },
    "request:/agent/improve": {
      "count": 1,
      "avg_ms": 10.22529999318067,
      "p95_ms": 10.22529999318067
    },
    "request:/agent/improve/status": {
      "count": 1,
      "avg_ms": 0.5779999919468537,
      "p95_ms": 0.5779999919468537
    },
    "request:/owner/session/start": {
      "count": 1,
      "avg_ms": 1.3150000013411045,
      "p95_ms": 1.3150000013411045
    },
    "request:/approvals/chain/verify": {
      "count": 1,
      "avg_ms": 0.3878999996231869,
      "p95_ms": 0.3878999996231869
    },
    "request:/owner/emergency": {
      "count": 1,
      "avg_ms": 0.4585999995470047,
      "p95_ms": 0.4585999995470047
    }
  }
}