timestamp,open,high,low,close,volume
2026-04-01 00:00:00+00:00,169.4065271897913,169.71065669629306,168.92650790085565,169.4065271897913,4135719
2026-04-01 01:00:00+00:00,169.4065271897913,170.1922546230894,168.8599330979696,169.18585519891056,2664806
2026-04-01 02:00:00+00:00,169.18585519891056,170.63175478819045,168.53300258849688,169.9586103556841,3998407
2026-04-01 03:00:00+00:00,169.9586103556841,170.24469136089706,169.37434065942927,170.07499500716366,3496879
2026-04-01 04:00:00+00:00,170.07499500716366,170.78810840431575,169.8774741821758,170.6271335469476,2955099
2026-04-01 05:00:00+00:00,170.6271335469476,171.20746054818193,169.97427193559838,170.97339582170193,3262024
2026-04-01 06:00:00+00:00,170.97339582170193,171.30885806985498,170.27483037775426,170.59151763387936,2860605
2026-04-01 07:00:00+00:00,170.59151763387936,171.1702953807767,170.16523350317033,170.91668896612552,2988064
2026-04-01 08:00:00+00:00,170.91668896612552,171.05297706784958,170.49950758863469,170.72673169542605,1741734
2026-04-01 09:00:00+00:00,170.72673169542605,171.13824088609192,170.15100204691964,170.53329822573068,2598741
2026-04-01 10:00:00+00:00,170.53329822573068,170.87535691893854,170.27256747484518,170.59159861693294,3381321
2026-04-01 11:00:00+00:00,170.59159861693294,171.01546757166017,169.0626820500269,169.67604037302158,2784566
2026-04-01 12:00:00+00:00,169.67604037302158,171.0397812680421,169.16426785886134,170.39134003548256,1815429
2026-04-01 13:00:00+00:00,170.39134003548256,170.7165809059396,169.2716731471579,169.9886862303781,4984067
2026-04-01 14:00:00+00:00,169.9886862303781,170.71705997409856,169.77804409548483,170.58884788217378,2251127
2026-04-01 15:00:00+00:00,170.58884788217378,171.35481713778032,170.08656384419058,170.67064055648564,1368304
2026-04-01 16:00:00+00:00,170.67064055648564,172.03308335888877,170.24018789890525,171.5898604042629,2807656
2026-04-01 17:00:00+00:00,171.5898604042629,171.86076460519345,170.7605664981222,171.19387875598784,4864584
2026-04-01 18:00:00+00:00,171.19387875598784,171.94365887582143,170.3779897337493,171.0068018421059,3558810
2026-04-01 19:00:00+00:00,171.0068018421059,171.82409985480996,170.61652634439713,171.20946331804117,2013713
2026-04-01 20:00:00+00:00,171.20946331804117,171.60465609301784,169.29829080376393,169.88498065912128,4693480
2026-04-01 21:00:00+00:00,169.88498065912128,170.72472013831376,169.58988260985532,170.38173352405653,4192193
2026-04-01 22:00:00+00:00,170.38173352405653,171.45644801301123,170.19278035695166,171.3067117608709,4806049
2026-04-01 23:00:00+00:00,171.3067117608709,172.2827524497534,170.65171124686228,171.98279583682992,1923738
2026-04-02 00:00:00+00:00,171.98279583682992,173.0367382251689,171.51469634497548,172.43565762341728,2809717
2026-04-02 01:00:00+00:00,172.43565762341728,172.58860203572053,172.07464154789736,172.34807088754815,2565754
2026-04-02 02:00:00+00:00,172.34807088754815,173.48074678841428,171.93181494059965,173.11721222378395,4763263
2026-04-02 03:00:00+00:00,173.11721222378395,174.27573067705882,172.5743596790752,173.76163059696714,3850099
2026-04-02 04:00:00+00:00,173.76163059696714,174.6151726704101,173.4887758517178,173.9972031037135,1827111
2026-04-02 05:00:00+00:00,173.9972031037135,174.6202474488501,173.77076511567174,174.0002716914109,4697983
2026-04-02 06:00:00+00:00,174.0002716914109,174.30509720542753,172.9898120744813,173.78321156811433,2279384
2026-04-02 07:00:00+00:00,173.78321156811433,174.11368124466708,172.8159672298623,173.04507225082006,2745216
2026-04-02 08:00:00+00:00,173.04507225082006,173.99095370669397,172.71108667041807,173.78080982651275,2301453
2026-04-02 09:00:00+00:00,173.78080982651275,174.3913113153308,172.09874104907797,172.47758349450163,3438580
2026-04-02 10:00:00+00:00,172.47758349450163,172.76341218881944,171.55268335227294,172.25549508699027,1557005
2026-04-02 11:00:00+00:00,172.25549508699027,172.79041946762968,171.96073142912408,172.35412312879507,2389820
2026-04-02 12:00:00+00:00,172.35412312879507,173.59985992786287,172.0989903790679,172.8700518395627,4907846
2026-04-02 13:00:00+00:00,172.8700518395627,174.03154885516938,172.68137380066923,173.9270485814698,1837794
2026-04-02 14:00:00+00:00,173.9270485814698,175.22272826949475,173.29463230067515,174.52304284704087,2390451
2026-04-02 15:00:00+00:00,174.52304284704087,175.1409370342029,173.85250192544916,174.3481299913818,4761383
2026-04-02 16:00:00+00:00,174.3481299913818,175.33661319297826,174.18213483959963,174.7850065261153,2830953
2026-04-02 17:00:00+00:00,174.7850065261153,175.16996059567384,173.60958240979483,174.02804633596347,4756194
2026-04-02 18:00:00+00:00,174.02804633596347,175.42282235170816,173.2361348024745,174.8860094519767,3427760
2026-04-02 19:00:00+00:00,174.8860094519767,175.65002727268944,174.04597390351088,174.79212425707905,4904139
2026-04-02 20:00:00+00:00,174.79212425707905,174.95882221232011,173.89420006562426,174.38786876708681,4454505
2026-04-02 21:00:00+00:00,174.38786876708681,174.53530912857138,173.73980431267552,174.0044327068275,4912887
2026-04-02 22:00:00+00:00,174.0044327068275,174.34278063158365,173.45533053536434,173.96761591025526,3661693
2026-04-02 23:00:00+00:00,173.96761591025526,174.1397554998274,173.27305194853764,173.7319449567133,4611714
2026-04-03 00:00:00+00:00,173.7319449567133,175.84832056903198,172.95295887737242,175.10589092510205,4025874
2026-04-03 01:00:00+00:00,175.10589092510205,175.75705567499932,174.56445391448122,174.6749822363737,3242808
2026-04-03 02:00:00+00:00,174.6749822363737,174.90543969695264,174.35703968898952,174.69454688226787,1057134
2026-04-03 03:00:00+00:00,174.69454688226787,175.07291566007908,174.3123432303027,174.71137681961926,2236768
2026-04-03 04:00:00+00:00,174.71137681961926,175.11911399747055,174.1001602012046,174.7283400932631,2661026
2026-04-03 05:00:00+00:00,174.7283400932631,175.52964364619504,174.10390530728102,174.76154761043472,2566313
2026-04-03 06:00:00+00:00,174.76154761043472,175.09200143762067,173.85867299138582,174.47260989552075,3957786
2026-04-03 07:00:00+00:00,174.47260989552075,174.9087558601858,173.6243446225707,174.12256539524228,2170515
2026-04-03 08:00:00+00:00,174.12256539524228,174.59283891814354,173.11909149483517,173.6052690939995,4437709
2026-04-03 09:00:00+00:00,173.6052690939995,174.25253138553035,172.40918677136509,172.71236432604857,2270507
2026-04-03 10:00:00+00:00,172.71236432604857,173.54977967919518,172.00415893879733,172.8421484259141,3211995
2026-04-03 11:00:00+00:00,172.8421484259141,174.00231639028016,172.44333490651175,173.43277423633162,4065418
2026-04-03 12:00:00+00:00,173.43277423633162,173.78710468915486,172.75664791536528,173.10692375172405,1927012
2026-04-03 13:00:00+00:00,173.10692375172405,173.36725595385943,172.11516700773794,172.77175472829776,4759116
2026-04-03 14:00:00+00:00,172.77175472829776,173.15040760989473,171.9745452191418,172.5818650307042,3119147
2026-04-03 15:00:00+00:00,172.5818650307042,173.08495144248803,171.98249511186836,172.30548118596084,3279873
2026-04-03 16:00:00+00:00,172.30548118596084,172.94232666447184,171.32713774603928,171.44371933654588,2246436
2026-04-03 17:00:00+00:00,171.44371933654588,173.03443206535897,171.33785116151702,172.26278415576803,3853012
2026-04-03 18:00:00+00:00,172.26278415576803,173.23756573970778,171.5672060193387,172.5261840883025,1841325
2026-04-03 19:00:00+00:00,172.5261840883025,173.17762717672457,171.89343446618602,172.0991670719837,2096320
2026-04-03 20:00:00+00:00,172.0991670719837,173.0079319591018,171.57745515976578,172.2774701289076,1453449
2026-04-03 21:00:00+00:00,172.2774701289076,172.86470536307448,171.5008836089838,172.01439576533815,4580087
2026-04-03 22:00:00+00:00,172.01439576533815,172.77623892503732,171.62966576870323,171.88741330531334,1960944
2026-04-03 23:00:00+00:00,171.88741330531334,172.56527553378166,171.4755038109764,172.10579160426082,3122356
2026-04-04 00:00:00+00:00,172.10579160426082,172.84132328482934,171.71247547642966,172.67757029944553,3712413
2026-04-04 01:00:00+00:00,172.67757029944553,174.1999501024493,172.22567474378067,173.5892847769903,3649002
2026-04-04 02:00:00+00:00,173.5892847769903,175.37556495858678,172.88936927867744,174.61163044635973,3158051
2026-04-04 03:00:00+00:00,174.61163044635973,174.7333586361988,173.7211350854004,174.46231522190115,4456069
2026-04-04 04:00:00+00:00,174.46231522190115,174.99778017849184,174.00186703426863,174.16246606722106,2141029
2026-04-04 05:00:00+00:00,174.16246606722106,174.53556252333613,173.76210817804318,174.22222456837426,2264936
2026-04-04 06:00:00+00:00,174.22222456837426,174.68215822542004,173.91604871611867,174.29923049574725,3127566
2026-04-04 07:00:00+00:00,174.29923049574725,175.0418996737975,173.20720300939507,173.85869736028033,1752419
2026-04-04 08:00:00+00:00,173.85869736028033,174.19277002427629,173.1443186591815,173.48641218733948,4209188
2026-04-04 09:00:00+00:00,173.48641218733948,174.51244549653413,173.0468382687079,173.97437641959198,3228573
2026-04-04 10:00:00+00:00,173.97437641959198,175.3558361519549,173.37977271197343,174.95945702783644,4229599
2026-04-04 11:00:00+00:00,174.95945702783644,175.70823951842004,174.2789030289231,174.82355651880894,4270168
2026-04-04 12:00:00+00:00,174.82355651880894,175.18162983056482,173.81437223441202,174.43477739221174,3609204
2026-04-04 13:00:00+00:00,174.43477739221174,174.60434309484367,173.86311055095373,174.26475466823723,4433249
2026-04-04 14:00:00+00:00,174.26475466823723,174.65805377788058,173.1887496330034,173.6676758522552,2267330
2026-04-04 15:00:00+00:00,173.6676758522552,174.05125919590097,173.21345194138195,173.50395279038162,1200637
2026-04-04 16:00:00+00:00,173.50395279038162,174.47718445067505,172.8599862316507,173.75741927526227,2250148
2026-04-04 17:00:00+00:00,173.75741927526227,174.0894093228927,173.00221046412548,173.70861349830867,4170439
2026-04-04 18:00:00+00:00,173.70861349830867,174.75516316726083,173.39712285452154,174.44936005654563,4418051
2026-04-04 19:00:00+00:00,174.44936005654563,174.9248149125465,174.00092982039726,174.53989287587788,2101028
2026-04-04 20:00:00+00:00,174.53989287587788,175.4122714091304,174.36666906115818,174.8285645922784,3653604
2026-04-04 21:00:00+00:00,174.8285645922784,175.2241838665878,174.5611013549734,174.73931007283272,1424467
2026-04-04 22:00:00+00:00,174.73931007283272,175.9941466589028,174.53806995215243,175.52870949676893,3486428
2026-04-04 23:00:00+00:00,175.52870949676893,176.12586182465265,174.25436838659093,174.79530213544498,2187360
2026-04-05 00:00:00+00:00,174.79530213544498,174.91406076119227,173.9627625030687,174.61314733126486,2692998
2026-04-05 01:00:00+00:00,174.61314733126486,174.80635879472996,173.71850079433423,173.90893412585675,1486890
2026-04-05 02:00:00+00:00,173.90893412585675,175.01227906335848,173.1107289963963,174.40469823006376,1870205
2026-04-05 03:00:00+00:00,174.40469823006376,175.64991443263824,174.0569917027537,174.91489160383756,2493638
2026-04-05 04:00:00+00:00,174.91489160383756,175.62181061691103,173.88008979703594,174.6054310480296,1964177
2026-04-05 05:00:00+00:00,174.6054310480296,176.19534096373718,173.8057050112745,175.6002990390117,2939420
2026-04-05 06:00:00+00:00,175.6002990390117,176.38759730076973,174.73319987734493,175.42194148162815,4493161
2026-04-05 07:00:00+00:00,175.42194148162815,176.11897533543402,174.2256677263526,174.5919152096591,4691507
2026-04-05 08:00:00+00:00,174.5919152096591,175.17754207440555,174.306278100749,174.4231925067574,4680731
2026-04-05 09:00:00+00:00,174.4231925067574,175.18729000004922,173.96761233876038,174.63920481272206,4499578
2026-04-05 10:00:00+00:00,174.63920481272206,175.3363969512382,174.0570092753373,174.49856960376582,3878616
2026-04-05 11:00:00+00:00,174.49856960376582,176.57399127919098,174.39610676498842,175.85788196368614,4008973
2026-04-05 12:00:00+00:00,175.85788196368614,176.66294054186528,175.14982528723718,176.3711139541541,1002533
2026-04-05 13:00:00+00:00,176.3711139541541,178.10769501206332,176.1687851040935,177.4098816173878,1391583
2026-04-05 14:00:00+00:00,177.4098816173878,178.75315764510592,176.87097785390742,178.24141288324236,2619245
2026-04-05 15:00:00+00:00,178.24141288324236,178.34154334908644,176.9461816585073,177.2299420762211,2801083
2026-04-05 16:00:00+00:00,177.2299420762211,177.4679116684833,176.61328210604017,177.00328691222202,2241502
2026-04-05 17:00:00+00:00,177.00328691222202,177.64900562659096,174.9372745001954,175.3661955000983,2322850
2026-04-05 18:00:00+00:00,175.3661955000983,175.70572884809405,174.4669928824125,174.97835745855414,2551627
2026-04-05 19:00:00+00:00,174.97835745855414,176.33756268407677,174.51469391214547,175.64742001202436,4911625
2026-04-05 20:00:00+00:00,175.64742001202436,176.16929077805227,174.7863858646387,175.14149335446072,2556284
2026-04-05 21:00:00+00:00,175.14149335446072,175.9321518103225,174.63115666727708,174.759480291681,4659104
2026-04-05 22:00:00+00:00,174.759480291681,175.58985875493872,174.57085707750105,174.9551607921968,1501141
2026-04-05 23:00:00+00:00,174.9551607921968,175.5926817923373,174.4183671094705,175.427550692911,4655475
2026-04-06 00:00:00+00:00,175.427550692911,176.1140022162849,174.68955022348084,175.2137626624318,3567558
2026-04-06 01:00:00+00:00,175.2137626624318,175.77850117154833,174.49248480547533,175.0602753571677,4353538
2026-04-06 02:00:00+00:00,175.0602753571677,175.79975030705225,174.90401143842297,175.5456643786693,2197997
2026-04-06 03:00:00+00:00,175.5456643786693,176.15986267857454,175.27080669639835,175.6980995895878,3997181
2026-04-06 04:00:00+00:00,175.6980995895878,175.91034584261874,175.26251827229862,175.52692752691945,3954200
2026-04-06 05:00:00+00:00,175.52692752691945,176.07676187584786,174.85668572300676,175.7156296222724,3843041
2026-04-06 06:00:00+00:00,175.7156296222724,176.38265446248985,175.08376853867287,175.7613025271626,3559004
2026-04-06 07:00:00+00:00,175.7613025271626,176.33143875903903,175.13515346742687,175.91408228126198,3107753
2026-04-06 08:00:00+00:00,175.91408228126198,177.67784167271842,175.1337502948872,177.1148209903436,4566271
2026-04-06 09:00:00+00:00,177.1148209903436,177.84436259106454,176.19060033052145,176.93169623613835,3329113
2026-04-06 10:00:00+00:00,176.93169623613835,177.52276379838264,176.05698607831528,176.60783852137047,3687852
2026-04-06 11:00:00+00:00,176.60783852137047,177.6204566877544,176.15164775940858,177.45601699783631,2921042
2026-04-06 12:00:00+00:00,177.45601699783631,177.84474841950723,176.36023878458326,177.03259661138918,1396259
2026-04-06 13:00:00+00:00,177.03259661138918,178.38582328039834,176.54783279486773,178.0645302967955,3023744
2026-04-06 14:00:00+00:00,178.0645302967955,178.49944669415262,177.3106784910717,177.94801161306836,4398277
2026-04-06 15:00:00+00:00,177.94801161306836,178.72010881150163,177.7218919297664,177.9923153238949,1644184
2026-04-06 16:00:00+00:00,177.9923153238949,178.77252251286478,177.53321137161367,178.43249229257944,4436877
2026-04-06 17:00:00+00:00,178.43249229257944,179.77935895869444,177.9939683697457,179.16035810982729,1972916
2026-04-06 18:00:00+00:00,179.16035810982729,180.18635096494472,178.7211026668945,179.75855730082802,1539974
2026-04-06 19:00:00+00:00,179.75855730082802,180.44496033049813,179.17272377767262,179.63637608767456,1936684
2026-04-06 20:00:00+00:00,179.63637608767456,179.9013663575468,178.88672556309552,179.41651878637586,4837071
2026-04-06 21:00:00+00:00,179.41651878637586,180.0914213050994,178.89272609695246,179.62500237400886,2363724
2026-04-06 22:00:00+00:00,179.62500237400886,180.2481020366564,178.85819242900226,179.70583381734767,4505951
2026-04-06 23:00:00+00:00,179.70583381734767,180.06952362560622,179.0667860866421,179.32046995300945,2866722
2026-04-07 00:00:00+00:00,179.32046995300945,180.06135865338695,179.1197277161806,179.56690679791376,2790190
2026-04-07 01:00:00+00:00,179.56690679791376,180.47109561566842,178.95631263395674,180.16337857001065,2773214
2026-04-07 02:00:00+00:00,180.16337857001065,181.0544806320754,179.8929425007603,180.26328259299495,2240189
2026-04-07 03:00:00+00:00,180.26328259299495,181.78276490983174,179.96693057082433,181.20168242322555,4665896
2026-04-07 04:00:00+00:00,181.20168242322555,181.9884857378994,180.9760785451847,181.4478637007902,3638056
2026-04-07 05:00:00+00:00,181.4478637007902,182.20204696788238,180.92010643338725,181.35437590030642,1656187
2026-04-07 06:00:00+00:00,181.35437590030642,181.82297593425616,180.96773184323905,181.41450483426527,4770011
2026-04-07 07:00:00+00:00,181.41450483426527,182.20139338024194,180.29582186838073,181.07843891396433,2731113
2026-04-07 08:00:00+00:00,181.07843891396433,181.24144868816865,179.88703119788195,180.45966013308814,1086595
2026-04-07 09:00:00+00:00,180.45966013308814,181.5373253090848,179.95024929994923,180.74557723988795,2001528
2026-04-07 10:00:00+00:00,180.74557723988795,181.34936170050548,179.7294870847638,180.23362704935138,4900283
2026-04-07 11:00:00+00:00,180.23362704935138,180.73958496603967,179.71914948228928,180.0186518659535,4877345
2026-04-07 12:00:00+00:00,180.0186518659535,180.36819244251984,179.24410253027492,179.96513183373054,2156707
2026-04-07 13:00:00+00:00,179.96513183373054,180.4383550196871,179.78368277300004,180.19619433824,3023475
2026-04-07 14:00:00+00:00,180.19619433824,181.2606820426491,179.58130596112974,180.47289153020654,3175502
2026-04-07 15:00:00+00:00,180.47289153020654,180.77008082690605,180.2860824276739,180.5054256559032,3390291
2026-04-07 16:00:00+00:00,180.5054256559032,181.22150103466487,178.897767839703,179.34664106347435,3589065
2026-04-07 17:00:00+00:00,179.34664106347435,179.4865742640937,178.97120702380644,179.2226854444703,4844107
2026-04-07 18:00:00+00:00,179.2226854444703,179.88357046443812,178.2696858477493,178.75736179852603,2100039
2026-04-07 19:00:00+00:00,178.75736179852603,179.4660709439833,178.45317126401605,178.69055326728642,3752869
2026-04-07 20:00:00+00:00,178.69055326728642,179.55678766343468,178.23854501438092,179.2853489648888,1939851
2026-04-07 21:00:00+00:00,179.2853489648888,180.55211076307287,179.16357262544844,179.76824353965372,3048538
2026-04-07 22:00:00+00:00,179.76824353965372,180.26072346649835,179.49550544646854,179.9004417004869,3368182
2026-04-07 23:00:00+00:00,179.9004417004869,180.41474670243713,179.28566526435452,180.2038975789345,2459891
2026-04-08 00:00:00+00:00,180.2038975789345,180.59754068856313,178.8470699236944,179.31085265849364,2713307
2026-04-08 01:00:00+00:00,179.31085265849364,180.20840108623315,178.86425796607884,179.427773137909,4097765
2026-04-08 02:00:00+00:00,179.427773137909,179.9819234654955,178.88223112246558,179.8024796052784,3604597
2026-04-08 03:00:00+00:00,179.8024796052784,180.38756020785473,178.9111248583705,179.37880323362631,2635962
2026-04-08 04:00:00+00:00,179.37880323362631,179.81706021693978,179.09465635585318,179.6217957947718,2250487
2026-04-08 05:00:00+00:00,179.6217957947718,180.20150380141453,178.67032014799565,179.3933000439864,4027835
2026-04-08 06:00:00+00:00,179.3933000439864,180.20155804882648,179.07408683216167,179.99360409480042,2503574
2026-04-08 07:00:00+00:00,179.99360409480042,181.41928024237228,179.88084251822687,180.65865536643756,1802123
2026-04-08 08:00:00+00:00,180.65865536643756,181.39825317193856,180.10513374711283,180.33778551024332,1375024
2026-04-08 09:00:00+00:00,180.33778551024332,182.00462844823912,179.95143566628875,181.21553906373023,1094818
2026-04-08 10:00:00+00:00,181.21553906373023,181.9304299515658,180.99465843759674,181.10149088567096,2633399
2026-04-08 11:00:00+00:00,181.10149088567096,182.70880154351178,180.6194978681907,182.33865762057124,2259520
2026-04-08 12:00:00+00:00,182.33865762057124,182.76471949051256,181.27643178593686,182.04372509165276,4958631
2026-04-08 13:00:00+00:00,182.04372509165276,182.40170193044884,181.55193193816638,182.0819788800771,3875110
2026-04-08 14:00:00+00:00,182.0819788800771,182.6544087381064,181.83703184821536,182.2098925310275,3690629
2026-04-08 15:00:00+00:00,182.2098925310275,182.47642291421698,181.61449174906517,181.75941490230792,4973645
2026-04-08 16:00:00+00:00,181.75941490230792,182.53145602709736,180.24578765990628,180.72418718534527,1265919
2026-04-08 17:00:00+00:00,180.72418718534527,181.11668477950047,179.66461075960285,180.24442481731776,1818180
2026-04-08 18:00:00+00:00,180.24442481731776,181.22740293908748,179.69533337532968,180.89218821898126,3213003
2026-04-08 19:00:00+00:00,180.89218821898126,181.64688081155973,180.1977491869715,180.6949882544652,4253573
2026-04-08 20:00:00+00:00,180.6949882544652,181.0382598818947,180.14143311777286,180.49896429028578,2234807
2026-04-08 21:00:00+00:00,180.49896429028578,181.80409442249356,180.12711200614058,181.40904543235132,3409554
2026-04-08 22:00:00+00:00,181.40904543235132,182.2447179918767,180.7053679158532,181.70516810766688,2810894
2026-04-08 23:00:00+00:00,181.70516810766688,182.7379427085419,181.5713306951651,182.1265531228349,2889697
2026-04-09 00:00:00+00:00,182.1265531228349,183.0341897996787,181.8173745730021,182.636222318467,4733016
2026-04-09 01:00:00+00:00,182.636222318467,182.89180283151452,181.7906997809473,182.09177153696703,4662142
2026-04-09 02:00:00+00:00,182.09177153696703,182.70193312530049,181.3048057821066,182.16660725168128,3624314
2026-04-09 03:00:00+00:00,182.16660725168128,182.47583230523549,181.71536666645548,182.25673738655513,3197870
2026-04-09 04:00:00+00:00,182.25673738655513,182.78995538051092,181.93456629342234,182.16141741871886,3115350
2026-04-09 05:00:00+00:00,182.16141741871886,182.71121303905974,180.81202815736773,181.5055983329351,3214444
2026-04-09 06:00:00+00:00,181.5055983329351,182.33109270446695,181.1439757802654,181.78386618605873,1838260
2026-04-09 07:00:00+00:00,181.78386618605873,182.13025398101524,180.4192596421272,180.7887884881941,1151815
2026-04-09 08:00:00+00:00,180.7887884881941,181.16621305876154,179.8905388024799,180.22654842908514,2058824
2026-04-09 09:00:00+00:00,180.22654842908514,180.5120592470847,179.53576665185162,179.74094554224965,3494242
2026-04-09 10:00:00+00:00,179.74094554224965,180.3935028015416,179.08102760516,179.49366652963366,2728771
2026-04-09 11:00:00+00:00,179.49366652963366,180.5996895281265,179.00921825852376,179.99832208739673,4105200
2026-04-09 12:00:00+00:00,179.99832208739673,181.57633664547657,179.5813364352612,180.99233034644945,2779944
2026-04-09 13:00:00+00:00,180.99233034644945,182.8056279984006,180.62541128294865,182.02570754118753,3333714
2026-04-09 14:00:00+00:00,182.02570754118753,183.23023592991618,181.76492151199392,182.5094631682674,3265352
2026-04-09 15:00:00+00:00,182.5094631682674,183.1736918651349,181.8083712250761,182.77327948891758,4225876
2026-04-09 16:00:00+00:00,182.77327948891758,183.40381287849561,180.66722788984686,181.37135016882272,3734627
2026-04-09 17:00:00+00:00,181.37135016882272,182.60025715502124,180.8774475446381,182.04942195642363,3354731
2026-04-09 18:00:00+00:00,182.04942195642363,184.1027111416361,181.45230597103227,183.6267898965487,3730842
2026-04-09 19:00:00+00:00,183.6267898965487,184.09654393064528,182.88910398491086,183.8985157561439,3804882
2026-04-09 20:00:00+00:00,183.8985157561439,184.4844933938458,183.68619494211717,184.03893934500172,1120392
2026-04-09 21:00:00+00:00,184.03893934500172,184.7100267148852,183.84979287604654,184.45815684111324,2127405
2026-04-09 22:00:00+00:00,184.45815684111324,185.56125471118494,184.2193177268516,184.89533399239687,4579645
2026-04-09 23:00:00+00:00,184.89533399239687,185.59379075746767,184.38137448468302,184.97628379330519,1608086
2026-04-10 00:00:00+00:00,184.97628379330519,185.20164770017874,184.6006543224287,184.751994273677,1920604
2026-04-10 01:00:00+00:00,184.751994273677,185.13227976334616,184.13831417253945,184.9690497994786,3260624
2026-04-10 02:00:00+00:00,184.9690497994786,185.14506027311373,184.01104432271083,184.14597627375142,4670430
2026-04-10 03:00:00+00:00,184.14597627375142,184.79448715927623,182.89856361082187,183.01652034777425,3931178
2026-04-10 04:00:00+00:00,183.01652034777425,184.5921447665577,182.24011335979503,183.83308353220716,1998241
2026-04-10 05:00:00+00:00,183.83308353220716,184.13589239685393,183.21095476019948,183.55824673400568,3192651
2026-04-10 06:00:00+00:00,183.55824673400568,184.1642915092231,183.06667586575645,183.98782001987027,3787720
2026-04-10 07:00:00+00:00,183.98782001987027,185.5159804751737,183.5497767079882,184.92057641354003,1710396
2026-04-10 08:00:00+00:00,184.92057641354003,186.11856230708418,184.36753356661123,185.65274462330473,3666981
2026-04-10 09:00:00+00:00,185.65274462330473,186.17671395041938,184.56118889320808,185.32070899811004,4227186
2026-04-10 10:00:00+00:00,185.32070899811004,185.96683641189188,184.83073270006716,185.5155614158164,2575876
2026-04-10 11:00:00+00:00,185.5155614158164,186.1823800034366,184.49004877565713,184.81590922902075,1704117
2026-04-10 12:00:00+00:00,184.81590922902075,185.3253371084048,184.62482626572796,184.75316536817036,2306723
2026-04-10 13:00:00+00:00,184.75316536817036,186.04232453225114,184.20176287025825,185.38077553877534,2660276
2026-04-10 14:00:00+00:00,185.38077553877534,185.9604228695584,184.9864125025211,185.39999128299294,1229594
2026-04-10 15:00:00+00:00,185.39999128299294,185.97945850833406,182.9204106234417,183.6891697043569,4444270
2026-04-10 16:00:00+00:00,183.6891697043569,184.30477614674453,181.82876900739134,182.3384116601309,3270691
2026-04-10 17:00:00+00:00,182.3384116601309,182.8431429694192,181.31363403092746,181.85746031778913,1815070
2026-04-10 18:00:00+00:00,181.85746031778913,183.00923801565915,181.3084890693839,182.65740531336849,4785691
2026-04-10 19:00:00+00:00,182.65740531336849,183.15424069169129,182.17730943287887,182.7768564700665,2213499
2026-04-10 20:00:00+00:00,182.7768564700665,182.97724859365925,182.40525426312826,182.8616203444738,4961928
2026-04-10 21:00:00+00:00,182.8616203444738,182.98764509076224,181.64932976722702,182.07204003433168,4825126
2026-04-10 22:00:00+00:00,182.07204003433168,182.58527344685186,181.49403178118393,182.1598990252126,4381032
2026-04-10 23:00:00+00:00,182.1598990252126,182.82128027833832,180.52760672505315,180.7947956381429,2987718
2026-04-11 00:00:00+00:00,180.7947956381429,181.59495343718478,180.56701739274405,180.999894948115,4750384
2026-04-11 01:00:00+00:00,180.999894948115,182.0768618246769,180.27041258933664,181.7074391710862,2052562
2026-04-11 02:00:00+00:00,181.7074391710862,182.14310994358547,180.6389185407505,181.2168867748864,4059710
2026-04-11 03:00:00+00:00,181.2168867748864,182.5542043719344,180.50697713807926,181.86752442150367,1021928
2026-04-11 04:00:00+00:00,181.86752442150367,182.5189094324942,181.07846520400028,181.43558719248088,4644838
2026-04-11 05:00:00+00:00,181.43558719248088,182.05116757382714,180.9324803052747,181.5240120444325,3028805
2026-04-11 06:00:00+00:00,181.5240120444325,182.21835619696176,180.91943853547636,181.44245035248053,3024964
2026-04-11 07:00:00+00:00,181.44245035248053,182.28421622928568,180.7162169212936,181.4987708653739,4471241
2026-04-11 08:00:00+00:00,181.4987708653739,182.95101955982236,180.78456827552614,182.41494310645433,1654425
2026-04-11 09:00:00+00:00,182.41494310645433,183.72258984138048,182.13275414394565,182.94367268728962,2022701
2026-04-11 10:00:00+00:00,182.94367268728962,183.09827902704936,181.75904617280943,182.53703981900213,4517535
2026-04-11 11:00:00+00:00,182.53703981900213,183.1801388619553,180.51750072896715,180.87806248318861,3423910
2026-04-11 12:00:00+00:00,180.87806248318861,181.5822178731281,180.35129382290967,181.41494450982677,1700678
2026-04-11 13:00:00+00:00,181.41494450982677,182.12847414880505,180.61968238309512,181.87329022628953,1190191
2026-04-11 14:00:00+00:00,181.87329022628953,182.31001620555554,181.4882651302859,181.9725971429183,1133143
2026-04-11 15:00:00+00:00,181.9725971429183,182.15428769496276,181.08836926762052,181.63768268153282,1012478
2026-04-11 16:00:00+00:00,181.63768268153282,183.1979013634473,180.84586917772924,182.5967273851269,1095158
2026-04-11 17:00:00+00:00,182.5967273851269,182.94133219725097,180.98389540358826,181.52440026605814,3219362
2026-04-11 18:00:00+00:00,181.52440026605814,181.74244345225165,180.49344002588973,181.0537732608785,4932083
2026-04-11 19:00:00+00:00,181.0537732608785,181.30409307353554,179.5222535957752,180.17396608898719,1442329
2026-04-11 20:00:00+00:00,180.17396608898719,180.5140874481354,179.52242888531575,180.3967503449781,1792069
2026-04-11 21:00:00+00:00,180.3967503449781,181.16912498824746,179.3532139669553,180.1168248339372,4909287
2026-04-11 22:00:00+00:00,180.1168248339372,182.14936652677412,179.5625856820754,181.38353906176172,1653935
2026-04-11 23:00:00+00:00,181.38353906176172,181.67233172458052,181.10779460950016,181.39422292116083,3578831
2026-04-12 00:00:00+00:00,181.39422292116083,181.9837144189681,181.10811261335567,181.25093871840534,4135722
2026-04-12 01:00:00+00:00,181.25093871840534,181.72706091036056,181.09513603308622,181.59455895879168,2969319
2026-04-12 02:00:00+00:00,181.59455895879168,181.93925898123305,180.38163015976068,181.1552408722101,4325796
2026-04-12 03:00:00+00:00,181.1552408722101,181.72862722396943,179.82858054426805,180.50489532353564,2753707
2026-04-12 04:00:00+00:00,180.50489532353564,181.08527259473155,179.98953172850864,180.82589890758405,3154783
2026-04-12 05:00:00+00:00,180.82589890758405,181.163303147348,179.8025078304095,180.53248787081833,1398415
2026-04-12 06:00:00+00:00,180.53248787081833,181.3098680717818,179.82339513421232,181.11807259737282,2381767
2026-04-12 07:00:00+00:00,181.11807259737282,181.52486222283747,180.76636923327771,181.31894057325738,3882235
2026-04-12 08:00:00+00:00,181.31894057325738,181.49314031526671,180.65232419390705,181.38879319126943,2609960
2026-04-12 09:00:00+00:00,181.38879319126943,181.766905041144,181.1494559168038,181.42986341135523,4866081
2026-04-12 10:00:00+00:00,181.42986341135523,181.827880724369,180.58939056868422,181.37807722142182,4839993
2026-04-12 11:00:00+00:00,181.37807722142182,182.01841416034313,181.0567937677055,181.6225943349471,3228874
2026-04-12 12:00:00+00:00,181.6225943349471,181.9220358866406,181.08854529977424,181.3842587446893,3969036
2026-04-12 13:00:00+00:00,181.3842587446893,181.85647085302782,179.9820147035013,180.20963592445543,3267023
2026-04-12 14:00:00+00:00,180.20963592445543,180.37408070918016,179.72089467652216,180.25631598213397,3885344
2026-04-12 15:00:00+00:00,180.25631598213397,180.64035808684577,179.24902094576277,179.97995770356584,1800221
2026-04-12 16:00:00+00:00,179.97995770356584,180.50898659800455,178.66581346999962,179.15380534957396,3882842
2026-04-12 17:00:00+00:00,179.15380534957396,180.25706933323661,179.02651651426325,179.62221632468197,1806506
2026-04-12 18:00:00+00:00,179.62221632468197,180.41712536521075,179.25673098194633,179.3940687661393,2769370
2026-04-12 19:00:00+00:00,179.3940687661393,179.80163121374702,177.88413369897214,178.346928067044,1079037
2026-04-12 20:00:00+00:00,178.346928067044,179.10506009198676,177.57910803890087,178.30206878149716,1105125
2026-04-12 21:00:00+00:00,178.30206878149716,179.0435291775772,177.38886585746704,177.89720934038525,3835130
2026-04-12 22:00:00+00:00,177.89720934038525,178.09464293116943,176.25378218686794,176.8762810013767,2732385
2026-04-12 23:00:00+00:00,176.8762810013767,177.5141833120401,176.19056619183868,177.06359299318166,4133275
2026-04-13 00:00:00+00:00,177.06359299318166,177.32058948268292,176.24118527176012,176.43325753869104,3780461
2026-04-13 01:00:00+00:00,176.43325753869104,177.51943427715636,176.03298984975675,176.8642800183431,3421496
2026-04-13 02:00:00+00:00,176.8642800183431,177.47889765984797,176.22311609732253,176.32578635380878,1770702
2026-04-13 03:00:00+00:00,176.32578635380878,177.69343377920546,175.93260208361974,176.91201418825338,1353602
2026-04-13 04:00:00+00:00,176.91201418825338,177.30880223921667,176.211094933397,177.16726828423748,1454493
2026-04-13 05:00:00+00:00,177.16726828423748,177.63555854528596,176.5160406110091,177.2324342221339,1369797
2026-04-13 06:00:00+00:00,177.2324342221339,177.58760647922452,176.44478353442426,176.77893299030063,2100416
2026-04-13 07:00:00+00:00,176.77893299030063,177.8807940435228,176.179914864722,177.32181937033715,2350526
2026-04-13 08:00:00+00:00,177.32181937033715,178.09552748287592,176.72304198365214,177.6239526857204,3599492
2026-04-13 09:00:00+00:00,177.6239526857204,178.12308439379515,176.96251395589692,177.4065131298142,3687896
2026-04-13 10:00:00+00:00,177.4065131298142,177.95432523132564,177.233803856313,177.75489551011228,3193964
2026-04-13 11:00:00+00:00,177.75489551011228,178.5136865365222,176.39122380415782,177.13954623268847,4244377
2026-04-13 12:00:00+00:00,177.13954623268847,177.46703344508595,175.8708804380876,176.37168672020243,3777443
2026-04-13 13:00:00+00:00,176.37168672020243,176.74693729372123,176.08946002361805,176.31434684050967,3592520
2026-04-13 14:00:00+00:00,176.31434684050967,176.61703476306545,175.74260640443617,176.35701690588564,1340893
2026-04-13 15:00:00+00:00,176.35701690588564,176.92611380858852,175.7172833675585,176.6137608614589,1342627
2026-04-13 16:00:00+00:00,176.6137608614589,177.01791031269798,176.43574586783956,176.65278895405513,3165971
2026-04-13 17:00:00+00:00,176.65278895405513,177.67964022534608,176.25529621474493,177.39721703577555,2663676
2026-04-13 18:00:00+00:00,177.39721703577555,177.81466601733217,175.8581571642569,176.62291484513264,1759664
2026-04-13 19:00:00+00:00,176.62291484513264,177.647073351461,176.1117455508743,176.96391060375905,1452916
2026-04-13 20:00:00+00:00,176.96391060375905,177.78986271894084,176.3145318026949,177.0992964256381,2338005
2026-04-13 21:00:00+00:00,177.0992964256381,178.44164504485656,176.8932810314061,177.9130230030321,2539263
2026-04-13 22:00:00+00:00,177.9130230030321,178.4748692008872,177.62606063412449,177.98797256099846,1513873
2026-04-13 23:00:00+00:00,177.98797256099846,178.69935269974596,177.21378107371086,178.17775482687554,4593623
2026-04-14 00:00:00+00:00,178.17775482687554,179.68749232810563,178.0212041558591,179.2345251982519,3822454
2026-04-14 01:00:00+00:00,179.2345251982519,179.86200121267797,178.50865332425204,179.71229977239022,4313334
2026-04-14 02:00:00+00:00,179.71229977239022,180.24883039462182,179.56780825901353,180.07743321073892,4743124
2026-04-14 03:00:00+00:00,180.07743321073892,180.5125002416387,179.3272570132378,179.8433533475351,3527905
2026-04-14 04:00:00+00:00,179.8433533475351,180.07841263855866,179.73369404965584,179.9267233495607,2078467
2026-04-14 05:00:00+00:00,179.9267233495607,180.11752531790555,178.20364279927205,178.93527567339913,1843276
2026-04-14 06:00:00+00:00,178.93527567339913,179.47331626222697,177.95474590082594,178.4290404366473,1119185
2026-04-14 07:00:00+00:00,178.4290404366473,179.5791452041087,177.95290390717378,178.81723644294033,1408068
2026-04-14 08:00:00+00:00,178.81723644294033,178.9415705276006,177.37778149096317,177.74973528693153,1740735
2026-04-14 09:00:00+00:00,177.74973528693153,178.3270910032166,177.16163986823153,177.80547047245287,4395681
2026-04-14 10:00:00+00:00,177.80547047245287,178.23291367696208,177.23847252588624,177.81617104398129,2776223
2026-04-14 11:00:00+00:00,177.81617104398129,178.17728626388032,177.294995664236,178.04963031458507,3010036
2026-04-14 12:00:00+00:00,178.04963031458507,178.69589074611383,176.60878895448317,177.03185172327014,4534412
2026-04-14 13:00:00+00:00,177.03185172327014,177.6251281651041,175.58068044711416,175.81333512764252,1329469
2026-04-14 14:00:00+00:00,175.81333512764252,177.23310905429625,175.30767689580298,176.47907238295696,1073308
2026-04-14 15:00:00+00:00,176.47907238295696,177.1102625715677,175.72173956594636,176.54550425430642,4512775
2026-04-14 16:00:00+00:00,176.54550425430642,177.39245460581117,176.23615360967375,176.79160150105886,2055232
2026-04-14 17:00:00+00:00,176.79160150105886,178.11365404912715,176.36926803702252,177.76158041141736,3174384
2026-04-14 18:00:00+00:00,177.76158041141736,178.3712522032648,177.62128483611679,177.8658832400319,3562945
2026-04-14 19:00:00+00:00,177.8658832400319,178.40021443118567,176.52768238744136,176.68739390933519,4744883
2026-04-14 20:00:00+00:00,176.68739390933519,176.8689477833449,176.2605297001115,176.50014089251607,1586059
2026-04-14 21:00:00+00:00,176.50014089251607,177.23061678221848,175.95902609958225,176.99116549573532,1149087
2026-04-14 22:00:00+00:00,176.99116549573532,177.25642573638865,176.44520378619245,176.73591900609892,1428818
2026-04-14 23:00:00+00:00,176.73591900609892,177.26283517507338,175.7893244832832,176.55419587180575,1935630
